Serie,AMERB,Fecha colecta,dia,mes,ano,categoria,Especie,extraccion,peso,Diametro terreno ,Diametro extraida ,Circunferencia,Estipes,Largo total ,Estado reproductivo ,Soros liberados ,Largo hasta fronda,Observaciones
1,Quintay sector A,20-04-18,20,4,2018,Intermareal,Lessonia spicata,Varada,0.0800,NaN,12.0000,NaN,NaN,NaN,NaN,NaN,NaN,
2,Quintay sector A,20-04-18,20,4,2018,Intermareal,Lessonia spicata,Varada,0.0800,NaN,9.0000,NaN,NaN,NaN,0.0000,NaN,NaN,
3,Quintay sector A,20-04-18,20,4,2018,Intermareal,Lessonia spicata,Varada,1.6600,NaN,10.0000,NaN,NaN,NaN,0.0000,NaN,NaN,
4,Quintay sector A,20-04-18,20,4,2018,Intermareal,Lessonia spicata,Varada,0.6600,NaN,17.0000,NaN,NaN,NaN,0.0000,NaN,NaN,
5,Quintay sector A,20-04-18,20,4,2018,Intermareal,Lessonia spicata,Varada,0.8600,NaN,10.0000,NaN,NaN,NaN,0.0000,NaN,NaN,
6,Quintay sector A,20-04-18,20,4,2018,Intermareal,Lessonia spicata,Varada,0.8700,NaN,14.0000,NaN,NaN,NaN,0.0000,NaN,NaN,
7,Quintay sector A,20-04-18,20,4,2018,Intermareal,Lessonia spicata,Varada,4.1000,NaN,19.0000,NaN,NaN,NaN,0.0000,NaN,NaN,
8,Quintay sector A,20-04-18,20,4,2018,Intermareal,Lessonia spicata,Varada,12.5000,NaN,26.0000,NaN,NaN,NaN,0.0000,NaN,NaN,
9,Quintay sector A,20-04-18,20,4,2018,Intermareal,Lessonia spicata,Varada,0.2000,NaN,11.0000,NaN,NaN,NaN,0.0000,NaN,NaN,
10,Quintay sector A,20-04-18,20,4,2018,Intermareal,Lessonia trabeculata,Varada,4.8600,NaN,20.0000,NaN,NaN,NaN,0.0000,NaN,NaN,
11,Quintay sector A,20-04-18,20,4,2018,Intermareal,Lessonia spicata,Varada,8.1400,NaN,28.0000,NaN,NaN,85.0000,1.0000,NaN,NaN,
12,Quintay sector A,20-04-18,20,4,2018,Intermareal,Lessonia spicata,Varada,5.3800,NaN,29.0000,NaN,NaN,210.0000,1.0000,NaN,NaN,
13,Quintay sector A,20-04-18,20,4,2018,Intermareal,Lessonia trabeculata,Varada,0.0800,NaN,4.0000,NaN,NaN,55.0000,0.0000,NaN,NaN,
14,Quintay sector A,20-04-18,20,4,2018,Intermareal,Lessonia spicata,Varada,5.0400,NaN,30.0000,NaN,NaN,150.0000,0.0000,NaN,NaN,
15,Quintay sector A,20-04-18,20,4,2018,Intermareal,Lessonia spicata,Varada,6.3400,NaN,31.0000,NaN,NaN,126.0000,0.0000,NaN,NaN,
16,Quintay sector A,20-04-18,20,4,2018,Intermareal,Lessonia spicata,Varada,0.2800,NaN,9.0000,NaN,NaN,52.0000,0.0000,NaN,NaN,
17,Quintay sector A,20-04-18,20,4,2018,Intermareal,Lessonia spicata,Varada,3.6200,NaN,26.0000,NaN,NaN,123.0000,0.0000,NaN,NaN,
18,Quintay sector A,20-04-18,20,4,2018,Intermareal,Lessonia spicata,Varada,4.6600,NaN,27.0000,NaN,NaN,144.0000,0.0000,NaN,NaN,
19,Quintay sector A,20-04-18,20,4,2018,Intermareal,Lessonia spicata,Varada,1.3600,NaN,13.0000,NaN,NaN,58.0000,1.0000,NaN,NaN,
20,Quintay sector A,20-04-18,20,4,2018,Intermareal,Lessonia spicata,Varada,0.7400,NaN,9.0000,NaN,NaN,136.0000,0.0000,NaN,NaN,
21,Quintay sector A,20-04-18,20,4,2018,Intermareal,Lessonia spicata,Varada,0.9800,NaN,18.0000,NaN,NaN,90.0000,0.0000,NaN,NaN,
22,Quintay sector A,20-04-18,20,4,2018,Intermareal,Lessonia spicata,Varada,0.1600,NaN,10.0000,NaN,NaN,58.0000,0.0000,NaN,NaN,
23,Quintay sector A,20-04-18,20,4,2018,Intermareal,Lessonia spicata,Varada,2.1400,NaN,15.0000,NaN,NaN,170.0000,0.0000,NaN,NaN,
24,Quintay sector A,20-04-18,20,4,2018,Intermareal,Lessonia spicata,Varada,0.5800,NaN,16.0000,NaN,NaN,89.0000,0.0000,NaN,NaN,
25,Quintay sector A,20-04-18,20,4,2018,Intermareal,Lessonia spicata,Varada,0.4200,NaN,12.0000,NaN,NaN,83.0000,0.0000,NaN,NaN,
26,Quintay sector A,20-04-18,20,4,2018,Intermareal,Lessonia spicata,Varada,12.8200,NaN,39.0000,NaN,NaN,117.0000,0.0000,NaN,NaN,
27,Quintay sector A,20-04-18,20,4,2018,Intermareal,Lessonia spicata,Varada,2.6000,NaN,19.0000,NaN,NaN,145.0000,0.0000,NaN,NaN,
28,Quintay sector A,20-04-18,20,4,2018,Intermareal,Lessonia spicata,Varada,4.8600,NaN,26.0000,NaN,NaN,226.0000,0.0000,NaN,NaN,
29,Quintay sector A,20-04-18,20,4,2018,Intermareal,Lessonia spicata,Varada,1.2400,NaN,24.0000,NaN,NaN,115.0000,0.0000,NaN,NaN,
30,Quintay sector A,20-04-18,20,4,2018,Intermareal,Lessonia spicata,Varada,0.5800,NaN,15.0000,NaN,NaN,85.0000,0.0000,NaN,NaN,
31,Quintay sector B,24-05-18,24,5,2018,Submareal,Lessonia trabeculata,Barreteada,3.5000,NaN,18.0000,NaN,6.0000,152.0000,1.0000,NaN,NaN,se sac— del transecto 2
32,Quintay sector B,24-05-18,24,5,2018,Submareal,Lessonia trabeculata,Barreteada,7.6000,NaN,35.0000,NaN,4.0000,184.0000,1.0000,NaN,NaN,se sac— del transecto 2
33,Quintay sector B,24-05-18,24,5,2018,Submareal,Lessonia trabeculata,Barreteada,3.0400,NaN,20.0000,NaN,13.0000,108.0000,1.0000,NaN,NaN,se sac— del transecto 2
34,Quintay sector B,24-05-18,24,5,2018,Submareal,Lessonia trabeculata,Barreteada,2.0000,NaN,12.0000,NaN,1.0000,153.0000,1.0000,NaN,NaN,se sac— del transecto 2
35,Quintay sector B,24-05-18,24,5,2018,Submareal,Lessonia trabeculata,Barreteada,0.6200,NaN,10.0000,NaN,1.0000,78.0000,1.0000,NaN,NaN,se sac— del transecto 2
36,Quintay sector B,24-05-18,24,5,2018,Submareal,Lessonia trabeculata,Barreteada,0.5600,NaN,11.0000,NaN,1.0000,101.0000,1.0000,NaN,NaN,se sac— del transecto 2
37,Quintay sector B,24-05-18,24,5,2018,Submareal,Lessonia trabeculata,Barreteada,3.5400,NaN,21.0000,NaN,7.0000,135.0000,1.0000,NaN,NaN,se sac— del transecto 2
38,Quintay sector B,24-05-18,24,5,2018,Submareal,Lessonia trabeculata,Barreteada,2.8000,NaN,13.0000,NaN,1.0000,118.0000,1.0000,NaN,NaN,se sac— del transecto 2
39,Quintay sector B,24-05-18,24,5,2018,Submareal,Lessonia trabeculata,Barreteada,3.2800,NaN,21.0000,NaN,11.0000,118.0000,1.0000,NaN,NaN,se sac— del transecto 2
40,Quintay sector B,24-05-18,24,5,2018,Submareal,Lessonia trabeculata,Barreteada,2.4800,NaN,18.0000,NaN,2.0000,156.0000,1.0000,NaN,NaN,se sac— del transecto 2
41,Quintay sector B,24-05-18,24,5,2018,Submareal,Lessonia trabeculata,Barreteada,0.0180,NaN,1.8000,NaN,2.0000,18.0000,0.0000,NaN,NaN,se sac— del transecto 2
42,Cobquecura,16-06-18,16,6,2018,Submareal,Lessonia trabeculata,Barreteada,9.7900,45.0000,41.0000,NaN,8.0000,265.0000,0.0000,NaN,NaN,
43,Cobquecura,16-06-18,16,6,2018,Submareal,Lessonia trabeculata,Barreteada,8.9600,31.0000,26.0000,NaN,4.0000,240.0000,0.0000,NaN,NaN,
44,Cobquecura,16-06-18,16,6,2018,Submareal,Lessonia trabeculata,Barreteada,19.0000,47.0000,35.0000,NaN,7.0000,260.0000,1.0000,NaN,NaN,
45,Cobquecura,16-06-18,16,6,2018,Submareal,Lessonia trabeculata,Barreteada,9.3400,28.0000,22.0000,NaN,3.0000,290.0000,1.0000,NaN,NaN,
46,Cobquecura,16-06-18,16,6,2018,Submareal,Lessonia trabeculata,Barreteada,4.1600,34.0000,31.0000,NaN,6.0000,220.0000,1.0000,NaN,NaN,
47,Cobquecura,16-06-18,16,6,2018,Submareal,Lessonia trabeculata,Barreteada,4.3200,33.0000,30.0000,NaN,2.0000,220.0000,1.0000,NaN,NaN,
48,Cobquecura,16-06-18,16,6,2018,Submareal,Lessonia trabeculata,Barreteada,0.3800,15.0000,13.0000,NaN,1.0000,130.0000,1.0000,NaN,NaN,
49,Cobquecura,16-06-18,16,6,2018,Submareal,Lessonia trabeculata,Barreteada,13.8400,39.0000,32.0000,NaN,6.0000,250.0000,1.0000,NaN,NaN,
50,Cobquecura,16-06-18,16,6,2018,Submareal,Lessonia trabeculata,Barreteada,5.8400,46.0000,41.0000,NaN,6.0000,210.0000,1.0000,NaN,NaN,
51,Cobquecura,16-06-18,16,6,2018,Submareal,Lessonia trabeculata,Barreteada,2.9400,26.0000,24.0000,NaN,2.0000,270.0000,1.0000,NaN,NaN,
52,Cobquecura,16-06-18,16,6,2018,Submareal,Lessonia trabeculata,Barreteada,6.4400,29.0000,25.0000,NaN,5.0000,240.0000,1.0000,NaN,NaN,
53,Cobquecura,16-06-18,16,6,2018,Submareal,Lessonia trabeculata,Barreteada,2.2000,19.0000,17.0000,NaN,2.0000,180.0000,1.0000,NaN,NaN,
54,Cobquecura,16-06-18,16,6,2018,Submareal,Lessonia trabeculata,Barreteada,1.6000,19.0000,16.0000,NaN,1.0000,220.0000,1.0000,NaN,NaN,
55,Cobquecura,16-06-18,16,6,2018,Submareal,Lessonia trabeculata,Barreteada,4.4600,26.0000,22.0000,NaN,6.0000,230.0000,1.0000,NaN,NaN,
56,Cobquecura,16-06-18,16,6,2018,Submareal,Lessonia trabeculata,Barreteada,1.6200,28.0000,25.0000,NaN,3.0000,225.0000,1.0000,NaN,NaN,
57,Cobquecura,16-06-18,16,6,2018,Submareal,Lessonia trabeculata,Barreteada,6.9800,36.0000,30.0000,NaN,8.0000,180.0000,1.0000,NaN,NaN,
58,Cobquecura,16-06-18,16,6,2018,Submareal,Lessonia trabeculata,Barreteada,2.1600,27.0000,21.0000,NaN,2.0000,150.0000,1.0000,NaN,NaN,
59,Cobquecura,16-06-18,16,6,2018,Submareal,Lessonia trabeculata,Barreteada,1.2600,17.0000,15.0000,NaN,1.0000,230.0000,NaN,NaN,NaN,
60,Cobquecura,16-06-18,16,6,2018,Submareal,Lessonia trabeculata,Barreteada,2.2800,28.0000,21.0000,NaN,3.0000,150.0000,NaN,NaN,NaN,
61,Cobquecura,16-06-18,16,6,2018,Submareal,Lessonia trabeculata,Barreteada,3.2700,24.0000,21.0000,NaN,2.0000,225.0000,NaN,NaN,NaN,
62,Cobquecura,16-06-18,16,6,2018,Submareal,Lessonia trabeculata,Barreteada,2.1600,27.0000,23.0000,NaN,4.0000,195.0000,NaN,NaN,NaN,
63,Cobquecura,16-06-18,16,6,2018,Submareal,Lessonia trabeculata,Barreteada,6.0000,29.0000,26.0000,NaN,4.0000,240.0000,NaN,NaN,NaN,
64,Cobquecura,16-06-18,16,6,2018,Submareal,Lessonia trabeculata,Barreteada,1.4200,20.0000,18.0000,NaN,1.0000,260.0000,NaN,NaN,NaN,
65,Cobquecura,16-06-18,16,6,2018,Submareal,Lessonia trabeculata,Barreteada,2.5600,20.0000,18.0000,NaN,1.0000,210.0000,NaN,NaN,NaN,
66,Cobquecura,16-06-18,16,6,2018,Submareal,Lessonia trabeculata,Barreteada,2.4000,18.0000,18.0000,NaN,2.0000,235.0000,NaN,NaN,NaN,
67,Cobquecura,16-06-18,16,6,2018,Submareal,Lessonia trabeculata,Barreteada,7.3000,32.0000,27.0000,NaN,5.0000,245.0000,NaN,NaN,NaN,
68,Cobquecura,16-06-18,16,6,2018,Submareal,Lessonia trabeculata,Barreteada,1.9800,18.0000,16.0000,NaN,1.0000,187.0000,NaN,NaN,NaN,
69,Cobquecura,16-06-18,16,6,2018,Submareal,Lessonia trabeculata,Barreteada,0.9000,25.0000,11.0000,NaN,1.0000,174.0000,NaN,NaN,NaN,
70,Cobquecura,16-06-18,16,6,2018,Submareal,Lessonia trabeculata,Barreteada,1.4000,21.0000,17.0000,NaN,1.0000,218.0000,NaN,NaN,NaN,
71,Cobquecura,16-06-18,16,6,2018,Submareal,Lessonia trabeculata,Barreteada,0.6400,12.0000,13.0000,NaN,2.0000,113.0000,NaN,NaN,NaN,
72,Cobquecura,16-06-18,16,6,2018,Submareal,Lessonia trabeculata,Barreteada,0.3600,11.0000,12.0000,NaN,1.0000,118.0000,NaN,NaN,NaN,
73,Cobquecura,16-06-18,16,6,2018,Submareal,Lessonia trabeculata,Barreteada,5.2000,33.0000,26.0000,NaN,5.0000,216.0000,NaN,NaN,NaN,
74,Cobquecura,16-06-18,16,6,2018,Submareal,Lessonia trabeculata,Barreteada,3.9800,26.0000,22.0000,NaN,5.0000,165.0000,NaN,NaN,NaN,
75,Cobquecura,16-06-18,16,6,2018,Submareal,Lessonia trabeculata,Barreteada,1.9400,31.0000,27.0000,NaN,2.0000,137.0000,NaN,NaN,NaN,
76,Cobquecura,17-06-18,17,6,2018,Intermareal,Lessonia spicata,Barreteada,2.1600,NaN,6.0000,NaN,7.0000,99.0000,NaN,NaN,NaN,
77,Cobquecura,17-06-18,17,6,2018,Intermareal,Lessonia spicata,Barreteada,4.5200,NaN,19.0000,NaN,3.0000,198.0000,NaN,NaN,NaN,
78,Cobquecura,17-06-18,17,6,2018,Intermareal,Lessonia spicata,Barreteada,3.0200,NaN,25.0000,NaN,7.0000,126.0000,NaN,NaN,NaN,
79,Cobquecura,17-06-18,17,6,2018,Intermareal,Lessonia spicata,Barreteada,0.2000,NaN,10.0000,NaN,4.0000,59.0000,NaN,NaN,NaN,
80,Cobquecura,17-06-18,17,6,2018,Intermareal,Lessonia spicata,Barreteada,0.6000,NaN,11.0000,NaN,8.0000,68.0000,NaN,NaN,NaN,
81,Cobquecura,17-06-18,17,6,2018,Intermareal,Lessonia spicata,Barreteada,1.9200,NaN,22.0000,NaN,8.0000,108.0000,NaN,NaN,NaN,
82,Cobquecura,17-06-18,17,6,2018,Intermareal,Lessonia spicata,Barreteada,0.7800,NaN,15.0000,NaN,2.0000,95.0000,NaN,NaN,NaN,
83,Cobquecura,17-06-18,17,6,2018,Intermareal,Lessonia spicata,Barreteada,1.2000,NaN,14.0000,NaN,10.0000,105.0000,NaN,NaN,NaN,
84,Cobquecura,17-06-18,17,6,2018,Intermareal,Lessonia spicata,Barreteada,18.8000,NaN,33.0000,NaN,26.0000,213.0000,NaN,NaN,NaN,
85,Cobquecura,17-06-18,17,6,2018,Intermareal,Lessonia spicata,Barreteada,0.0010,NaN,1.0000,NaN,8.0000,9.0000,NaN,NaN,NaN,
86,Ventana,03-08-18,3,8,2018,Submareal,Lessonia trabeculata,Barreteada,2.3000,20.1000,17.2000,NaN,2.0000,155.0000,0.0000,NaN,64.0000,
87,Ventana,03-08-18,3,8,2018,Submareal,Lessonia trabeculata,Barreteada,0.7400,15.0000,11.0000,NaN,1.0000,124.0000,0.0000,NaN,60.0000,
88,Ventana,03-08-18,3,8,2018,Submareal,Lessonia trabeculata,Barreteada,2.0500,23.0000,16.0000,NaN,4.0000,139.0000,1.0000,NaN,33.0000,
89,Ventana,03-08-18,3,8,2018,Submareal,Lessonia trabeculata,Barreteada,0.1800,10.0000,7.0000,NaN,2.0000,74.0000,1.0000,NaN,35.0000,
90,Ventana,03-08-18,3,8,2018,Submareal,Lessonia trabeculata,Barreteada,4.8800,19.0000,16.0000,NaN,8.0000,183.0000,1.0000,NaN,91.0000,
91,Ventana,03-08-18,3,8,2018,Submareal,Lessonia trabeculata,Barreteada,4.1200,30.0000,21.0000,NaN,7.0000,143.0000,1.0000,NaN,64.0000,
92,Ventana,03-08-18,3,8,2018,Submareal,Lessonia trabeculata,Barreteada,1.5800,17.0000,15.0000,NaN,7.0000,114.0000,1.0000,NaN,45.0000,
93,Ventana,03-08-18,3,8,2018,Submareal,Lessonia trabeculata,Barreteada,1.9800,26.0000,19.0000,NaN,3.0000,137.0000,1.0000,NaN,59.0000,
94,Ventana,03-08-18,3,8,2018,Submareal,Lessonia trabeculata,Barreteada,1.0600,16.0000,12.0000,NaN,1.0000,149.0000,1.0000,NaN,89.0000,Disco estaba incompleto por ruptura al extraer alga
95,Ventana,03-08-18,3,8,2018,Submareal,Lessonia trabeculata,Barreteada,0.5600,14.0000,10.0000,NaN,3.0000,148.0000,1.0000,NaN,50.0000,
96,Ventana,03-08-18,3,8,2018,Submareal,Lessonia trabeculata,Barreteada,1.3600,19.0000,19.0000,NaN,4.0000,139.0000,1.0000,NaN,67.0000,
97,Ventana,03-08-18,3,8,2018,Submareal,Lessonia trabeculata,Barreteada,0.9200,16.0000,13.0000,NaN,3.0000,110.0000,1.0000,NaN,39.0000,
98,Ventana,03-08-18,3,8,2018,Submareal,Lessonia trabeculata,Barreteada,0.8600,15.0000,13.0000,NaN,2.0000,195.0000,1.0000,NaN,84.0000,
99,Ventana,03-08-18,3,8,2018,Submareal,Lessonia trabeculata,Barreteada,4.3000,35.0000,29.0000,NaN,3.0000,185.0000,1.0000,NaN,60.0000,
100,Ventana,03-08-18,3,8,2018,Submareal,Lessonia trabeculata,Barreteada,1.3800,23.0000,20.0000,NaN,1.0000,203.0000,1.0000,NaN,90.0000,
101,Ventana,03-08-18,3,8,2018,Submareal,Lessonia trabeculata,Barreteada,0.8600,13.0000,11.0000,NaN,2.0000,158.0000,1.0000,NaN,57.0000,
102,Ventana,03-08-18,3,8,2018,Submareal,Lessonia trabeculata,Barreteada,4.1600,21.0000,16.0000,NaN,5.0000,139.0000,1.0000,NaN,58.0000,
103,Ventana,03-08-18,3,8,2018,Submareal,Lessonia trabeculata,Barreteada,3.9800,14.0000,12.0000,NaN,3.0000,162.0000,0.0000,NaN,76.0000,
104,Ventana,03-08-18,3,8,2018,Submareal,Lessonia trabeculata,Barreteada,0.0200,7.0000,6.0000,NaN,3.0000,45.0000,0.0000,NaN,3.0000,
105,Ventana,03-08-18,3,8,2018,Submareal,Lessonia trabeculata,Barreteada,1.7000,23.0000,21.0000,NaN,4.0000,138.0000,1.0000,NaN,58.0000,
106,Ventana,03-08-18,3,8,2018,Submareal,Lessonia trabeculata,Barreteada,3.9000,28.0000,25.0000,NaN,2.0000,163.0000,1.0000,NaN,59.0000,
107,Ventana,03-08-18,3,8,2018,Submareal,Lessonia trabeculata,Barreteada,3.8200,37.0000,33.0000,NaN,5.0000,180.0000,1.0000,NaN,67.0000,
108,Ventana,03-08-18,3,8,2018,Submareal,Lessonia trabeculata,Barreteada,0.2800,9.0000,9.0000,NaN,1.0000,107.0000,1.0000,NaN,38.0000,
109,Ventana,03-08-18,3,8,2018,Submareal,Lessonia trabeculata,Barreteada,3.4200,37.0000,33.0000,NaN,5.0000,137.0000,1.0000,NaN,66.0000,
110,Ventana,03-08-18,3,8,2018,Submareal,Lessonia trabeculata,Barreteada,0.0140,2.0000,3.2000,NaN,1.0000,25.0000,1.0000,NaN,2.0000,
111,Ventana,03-08-18,3,8,2018,Submareal,Lessonia trabeculata,Barreteada,7.4600,30.0000,26.0000,NaN,9.0000,206.0000,1.0000,NaN,83.0000,
112,Ventana,03-08-18,3,8,2018,Submareal,Lessonia trabeculata,Barreteada,6.3600,32.0000,26.0000,NaN,11.0000,173.0000,1.0000,NaN,85.0000,
113,Ventana,03-08-18,3,8,2018,Submareal,Lessonia trabeculata,Barreteada,1.2000,23.0000,18.0000,NaN,1.0000,165.0000,1.0000,NaN,76.0000,
114,Ventana,03-08-18,3,8,2018,Submareal,Lessonia trabeculata,Barreteada,4.9000,28.0000,28.0000,NaN,5.0000,190.0000,1.0000,NaN,70.0000,
115,Ventana,03-08-18,3,8,2018,Submareal,Lessonia trabeculata,Barreteada,6.6500,36.0000,30.0000,NaN,4.0000,165.0000,1.0000,NaN,77.0000,
116,Ventana,09-08-18,9,8,2018,Intermareal,Lessonia spicata,Barreteada,9.8200,25.0000,16.0000,NaN,9.0000,183.0000,NaN,NaN,NaN,
117,Ventana,09-08-18,9,8,2018,Intermareal,Lessonia spicata,Barreteada,3.2200,29.0000,16.0000,NaN,7.0000,103.0000,NaN,NaN,NaN,
118,Ventana,09-08-18,9,8,2018,Intermareal,Lessonia spicata,Barreteada,3.9800,25.0000,18.0000,NaN,10.0000,101.0000,NaN,NaN,NaN,
119,Ventana,09-08-18,9,8,2018,Intermareal,Lessonia spicata,Barreteada,4.2600,31.0000,28.0000,NaN,19.0000,95.0000,NaN,NaN,NaN,
120,Ventana,09-08-18,9,8,2018,Intermareal,Lessonia spicata,Barreteada,0.5600,12.0000,9.0000,NaN,9.0000,72.0000,NaN,NaN,NaN,
121,Ventana,09-08-18,9,8,2018,Intermareal,Lessonia spicata,Barreteada,1.0200,18.0000,10.0000,NaN,36.0000,93.0000,NaN,NaN,NaN,
122,Ventana,09-08-18,9,8,2018,Intermareal,Lessonia spicata,Barreteada,0.5000,15.0000,10.0000,NaN,12.0000,74.0000,NaN,NaN,NaN,
123,Ventana,09-08-18,9,8,2018,Intermareal,Lessonia spicata,Barreteada,0.8800,19.0000,12.0000,NaN,24.0000,97.0000,NaN,NaN,NaN,
124,Ventana,09-08-18,9,8,2018,Intermareal,Lessonia spicata,Barreteada,0.1400,8.0000,7.0000,NaN,1.0000,58.0000,NaN,NaN,NaN,
125,Ventana,09-08-18,9,8,2018,Intermareal,Lessonia spicata,Barreteada,0.0860,12.0000,7.0000,NaN,6.0000,39.0000,0.0000,NaN,NaN,
126,Ventana,09-08-18,9,8,2018,Intermareal,Lessonia spicata,Barreteada,0.1890,14.0000,8.0000,NaN,13.0000,54.0000,0.0000,NaN,NaN,
127,Ventana,09-08-18,9,8,2018,Intermareal,Lessonia spicata,Barreteada,0.1110,11.0000,6.0000,NaN,15.0000,53.0000,0.0000,NaN,NaN,
128,Ventana,09-08-18,9,8,2018,Intermareal,Lessonia spicata,Barreteada,0.0260,7.0000,4.0000,NaN,17.0000,23.0000,0.0000,NaN,NaN,
129,Ventana,16-08-18,16,8,2018,Intermareal,Lessonia spicata,Barreteada,0.9400,NaN,10.3000,NaN,26.0000,78.0000,0.0000,NaN,NaN,
130,Ventana,16-08-18,16,8,2018,Intermareal,Lessonia spicata,Barreteada,0.1600,NaN,6.0000,NaN,8.0000,54.0000,0.0000,NaN,NaN,
131,Ventana,16-08-18,16,8,2018,Intermareal,Lessonia spicata,Barreteada,0.8800,NaN,11.0000,NaN,25.0000,66.0000,0.0000,NaN,NaN,
132,Ventana,16-08-18,16,8,2018,Intermareal,Lessonia spicata,Barreteada,0.6600,NaN,11.0000,NaN,16.0000,61.0000,0.0000,NaN,NaN,
133,Ventana,16-08-18,16,8,2018,Intermareal,Lessonia spicata,Barreteada,0.0070,NaN,1.4000,NaN,1.0000,23.0000,0.0000,NaN,NaN,
134,Los Vilos sector C,28-09-18,28,9,2018,Submareal,Lessonia trabeculata,Barreteada,2.0600,NaN,16.0000,26.0000,7.0000,138.0000,0.0000,0.0000,NaN,
135,Los Vilos sector C,28-09-18,28,9,2018,Submareal,Lessonia trabeculata,Barreteada,4.3200,NaN,16.8000,23.0000,6.0000,194.0000,0.0000,1.0000,,
136,Los Vilos sector C,28-09-18,28,9,2018,Submareal,Lessonia trabeculata,Barreteada,2.3400,NaN,15.0000,30.0000,5.0000,203.0000,0.0000,1.0000,,
137,Los Vilos sector C,28-09-18,28,9,2018,Submareal,Lessonia trabeculata,Barreteada,11.0000,NaN,32.0000,47.0000,5.0000,210.0000,1.0000,0.0000,,
138,Los Vilos sector C,28-09-18,28,9,2018,Submareal,Lessonia trabeculata,Barreteada,0.0180,NaN,4.0000,4.0000,3.0000,26.0000,0.0000,0.0000,,
139,Los Vilos sector C,28-09-18,28,9,2018,Submareal,Lessonia trabeculata,Barreteada,0.0680,NaN,4.4000,5.0000,8.0000,41.0000,0.0000,0.0000,,
140,Los Vilos sector C,28-09-18,28,9,2018,Submareal,Lessonia trabeculata,Barreteada,0.0380,NaN,5.0000,7.0000,3.0000,40.0000,0.0000,0.0000,,
141,Los Vilos sector C,28-09-18,28,9,2018,Submareal,Lessonia trabeculata,Barreteada,0.0880,NaN,17.0000,24.0000,3.0000,176.0000,0.0000,0.0000,,
142,Los Vilos sector C,28-09-18,28,9,2018,Submareal,Lessonia trabeculata,Barreteada,2.1600,NaN,18.0000,23.0000,2.0000,169.0000,0.0000,1.0000,,
143,Los Vilos sector C,28-09-18,28,9,2018,Submareal,Lessonia trabeculata,Barreteada,2.2000,NaN,23.0000,37.0000,5.0000,163.0000,1.0000,NaN,NaN,
144,Los Vilos sector C,28-09-18,28,9,2018,Submareal,Lessonia trabeculata,Barreteada,2.2000,NaN,24.0000,46.0000,3.0000,157.0000,1.0000,0.0000,,
145,Los Vilos sector C,28-09-18,28,9,2018,Submareal,Lessonia trabeculata,Barreteada,2.5800,NaN,18.0000,30.0000,3.0000,210.0000,1.0000,0.0000,,
146,Los Vilos sector C,28-09-18,28,9,2018,Submareal,Lessonia trabeculata,Barreteada,8.1600,NaN,25.0000,45.0000,5.0000,200.0000,1.0000,1.0000,,
147,Los Vilos sector C,28-09-18,28,9,2018,Submareal,Lessonia trabeculata,Barreteada,4.8600,NaN,18.0000,38.0000,2.0000,193.0000,1.0000,1.0000,,
148,Los Vilos sector C,28-09-18,28,9,2018,Submareal,Lessonia trabeculata,Barreteada,0.7000,NaN,14.0000,17.0000,1.0000,194.0000,0.0000,0.0000,,
149,Los Vilos sector C,28-09-18,28,9,2018,Submareal,Lessonia trabeculata,Barreteada,0.5400,NaN,11.0000,19.0000,4.0000,106.0000,0.0000,0.0000,,
150,Los Vilos sector C,28-09-18,28,9,2018,Submareal,Lessonia trabeculata,Barreteada,0.4000,NaN,12.0000,20.0000,3.0000,144.0000,1.0000,0.0000,,Endofito
151,Los Vilos sector C,28-09-18,28,9,2018,Submareal,Lessonia trabeculata,Barreteada,1.2400,NaN,15.0000,22.0000,3.0000,144.0000,0.0000,0.0000,,
152,Los Vilos sector C,28-09-18,28,9,2018,Submareal,Lessonia trabeculata,Barreteada,8.3000,NaN,25.0000,27.0000,8.0000,168.0000,0.0000,1.0000,,
153,Los Vilos sector C,28-09-18,28,9,2018,Submareal,Lessonia trabeculata,Barreteada,0.5400,NaN,6.0000,12.0000,9.0000,82.0000,0.0000,0.0000,,
154,Los Vilos sector C,28-09-18,28,9,2018,Submareal,Lessonia trabeculata,Barreteada,0.0100,NaN,2.0000,2.0000,20.0000,2.0000,0.0000,0.0000,,
155,Los Vilos sector C,28-09-18,28,9,2018,Submareal,Lessonia trabeculata,Barreteada,3.7400,NaN,20.0000,27.0000,12.0000,123.0000,1.0000,1.0000,,
156,Los Vilos sector C,28-09-18,28,9,2018,Submareal,Lessonia trabeculata,Barreteada,0.7200,NaN,14.0000,20.0000,2.0000,184.0000,0.0000,0.0000,,
157,Los Vilos sector C,28-09-18,28,9,2018,Submareal,Lessonia trabeculata,Barreteada,0.8800,NaN,12.0000,34.0000,2.0000,113.0000,0.0000,0.0000,,
158,Los Vilos sector C,28-09-18,28,9,2018,Submareal,Lessonia trabeculata,Barreteada,18.0000,NaN,34.0000,54.0000,15.0000,210.0000,1.0000,1.0000,,
159,Los Vilos sector C,28-09-18,28,9,2018,Submareal,Lessonia trabeculata,Barreteada,0.5200,NaN,12.0000,15.0000,1.0000,135.0000,0.0000,0.0000,,
160,Los Vilos sector C,28-09-18,28,9,2018,Submareal,Lessonia trabeculata,Barreteada,2.3200,NaN,13.0000,23.0000,7.0000,139.0000,0.0000,0.0000,,
161,Los Vilos sector C,28-09-18,28,9,2018,Submareal,Lessonia trabeculata,Barreteada,2.4400,NaN,18.0000,28.0000,5.0000,143.0000,1.0000,1.0000,,
162,Los Vilos sector C,28-09-18,28,9,2018,Submareal,Lessonia trabeculata,Barreteada,2.1400,NaN,22.0000,32.0000,5.0000,140.0000,0.0000,0.0000,,
163,Los Vilos sector C,28-09-18,28,9,2018,Submareal,Lessonia trabeculata,Barreteada,1.7000,NaN,15.0000,14.0000,7.0000,115.0000,1.0000,1.0000,,
164,Los Vilos sector C,28-09-18,28,9,2018,Submareal,Lessonia trabeculata,Barreteada,0.1800,NaN,5.0000,8.0000,4.0000,85.0000,0.0000,0.0000,,
165,Los Vilos sector C,28-09-18,28,9,2018,Submareal,Lessonia trabeculata,Barreteada,3.0000,NaN,18.0000,46.0000,2.0000,186.0000,1.0000,1.0000,,
166,Los Vilos sector C,28-09-18,28,9,2018,Submareal,Lessonia trabeculata,Barreteada,0.6400,NaN,13.0000,18.0000,1.0000,137.0000,0.0000,1.0000,,
167,Los Vilos sector C,28-09-18,28,9,2018,Submareal,Lessonia trabeculata,Barreteada,9.7800,NaN,21.0000,41.0000,3.0000,167.0000,1.0000,0.0000,,
168,Los Vilos sector C,28-09-18,28,9,2018,Submareal,Lessonia trabeculata,Barreteada,5.7800,NaN,21.0000,20.0000,2.0000,187.0000,1.0000,1.0000,,
169,Los Vilos sector C,28-09-18,28,9,2018,Submareal,Lessonia trabeculata,Barreteada,2.0400,NaN,23.0000,36.0000,2.0000,157.0000,1.0000,0.0000,,
170,Los Vilos sector C,28-09-18,28,9,2018,Submareal,Lessonia trabeculata,Barreteada,1.3800,NaN,12.0000,30.0000,2.0000,125.0000,1.0000,0.0000,,
171,Los Vilos sector C,28-09-18,28,9,2018,Submareal,Lessonia trabeculata,Barreteada,2.5600,NaN,18.0000,28.0000,3.0000,123.0000,1.0000,0.0000,,
172,Los Vilos sector C,28-09-18,28,9,2018,Submareal,Lessonia trabeculata,Barreteada,3.9800,NaN,23.0000,33.0000,2.0000,124.0000,1.0000,0.0000,,
173,Los Vilos sector C,28-09-18,28,9,2018,Submareal,Lessonia trabeculata,Barreteada,5.0600,NaN,23.0000,32.0000,1.0000,181.0000,1.0000,1.0000,,
174,Los Vilos sector C,28-09-18,28,9,2018,Submareal,Lessonia trabeculata,Barreteada,16.0000,NaN,35.0000,53.0000,7.0000,234.0000,1.0000,1.0000,,
175,Los Vilos sector C,28-09-18,28,9,2018,Submareal,Lessonia trabeculata,Barreteada,10.1000,NaN,31.0000,44.0000,5.0000,188.0000,1.0000,1.0000,,
176,Los Vilos sector C,28-09-18,28,9,2018,Submareal,Lessonia trabeculata,Barreteada,3.3200,NaN,19.0000,41.0000,3.0000,161.0000,1.0000,1.0000,,
177,Los Vilos sector C,28-09-18,28,9,2018,Submareal,Lessonia trabeculata,Barreteada,20.0000,NaN,36.0000,66.0000,5.0000,200.0000,1.0000,1.0000,,
178,Los Vilos sector C,29-09-18,29,9,2018,Intermareal,Lessonia spicata,Barreteada,5.0200,NaN,14.0000,20.0000,18.0000,160.0000,0.0000,1.0000,,
179,Los Vilos sector C,29-09-18,29,9,2018,Intermareal,Lessonia spicata,Barreteada,4.0400,NaN,14.0000,27.0000,56.0000,116.0000,0.0000,0.0000,,
180,Los Vilos sector C,29-09-18,29,9,2018,Intermareal,Lessonia spicata,Barreteada,4.6200,NaN,18.0000,30.0000,22.0000,180.0000,0.0000,0.0000,,
181,Los Vilos sector C,29-09-18,29,9,2018,Intermareal,Lessonia spicata,Barreteada,3.2600,NaN,15.0000,25.0000,61.0000,104.0000,0.0000,0.0000,,
182,Los Vilos sector C,29-09-18,29,9,2018,Intermareal,Lessonia spicata,Barreteada,13.8600,NaN,23.0000,45.0000,50.0000,195.0000,1.0000,0.0000,,
183,Los Vilos sector C,29-09-18,29,9,2018,Intermareal,Lessonia spicata,Barreteada,2.8400,NaN,16.0000,26.0000,27.0000,165.0000,0.0000,0.0000,,
184,Los Vilos sector C,29-09-18,29,9,2018,Intermareal,Lessonia spicata,Barreteada,0.5400,NaN,10.0000,16.0000,25.0000,91.0000,0.0000,0.0000,,
185,Los Vilos sector C,29-09-18,29,9,2018,Intermareal,Lessonia spicata,Barreteada,1.7200,NaN,12.0000,26.0000,36.0000,135.0000,1.0000,0.0000,,
186,Los Vilos sector C,29-09-18,29,9,2018,Intermareal,Lessonia spicata,Barreteada,0.9600,NaN,9.4000,20.0000,40.0000,113.0000,0.0000,0.0000,,
187,Los Vilos sector C,29-09-18,29,9,2018,Intermareal,Lessonia spicata,Barreteada,5.6800,NaN,14.0000,26.0000,20.0000,179.0000,0.0000,0.0000,,
188,Los Vilos sector C,29-09-18,29,9,2018,Intermareal,Lessonia spicata,Barreteada,7.0200,NaN,14.0000,33.0000,52.0000,167.0000,0.0000,0.0000,,
189,Los Vilos sector C,29-09-18,29,9,2018,Intermareal,Lessonia spicata,Barreteada,1.6000,NaN,12.0000,16.0000,26.0000,131.0000,0.0000,0.0000,,
190,Los Vilos sector C,29-09-18,29,9,2018,Intermareal,Lessonia spicata,Barreteada,8.1200,NaN,21.0000,30.0000,40.0000,177.0000,0.0000,0.0000,,
191,Los Vilos sector C,29-09-18,29,9,2018,Intermareal,Lessonia spicata,Barreteada,0.1590,NaN,5.0000,9.0000,26.0000,53.0000,0.0000,0.0000,,
192,Los Vilos sector C,29-09-18,29,9,2018,Intermareal,Lessonia spicata,Barreteada,0.1670,NaN,5.0000,9.0000,17.0000,50.0000,0.0000,0.0000,,
193,Los Vilos sector C,29-09-18,29,9,2018,Intermareal,Lessonia spicata,Barreteada,0.2040,NaN,7.0000,11.0000,16.0000,57.0000,0.0000,0.0000,,
194,Los Vilos sector C,29-09-18,29,9,2018,Intermareal,Lessonia spicata,Barreteada,0.0480,NaN,3.0000,5.0000,23.0000,31.0000,0.0000,0.0000,,
195,Los Vilos sector C,29-09-18,29,9,2018,Intermareal,Lessonia spicata,Barreteada,0.0800,NaN,3.0000,5.0000,18.0000,NaN,0.0000,0.0000,,
196,Los Vilos sector C,29-09-18,29,9,2018,Intermareal,Lessonia spicata,Barreteada,0.0910,NaN,4.8000,6.0000,2.0000,49.0000,0.0000,0.0000,,
197,Los Vilos sector C,29-09-18,29,9,2018,Intermareal,Lessonia spicata,Barreteada,0.0090,NaN,2.6000,3.6000,15.0000,46.0000,0.0000,0.0000,,
198,Los Vilos sector C,29-09-18,29,9,2018,Intermareal,Lessonia spicata,Barreteada,0.0290,NaN,2.8000,4.4000,29.0000,18.0000,0.0000,0.0000,,
199,Los Vilos sector C,29-09-18,29,9,2018,Intermareal,Lessonia spicata,Barreteada,0.0820,NaN,6.0000,9.0000,21.0000,32.0000,0.0000,0.0000,,
200,Los Vilos sector C,29-09-18,29,9,2018,Intermareal,Lessonia spicata,Barreteada,0.0140,NaN,2.6000,3.8000,17.0000,21.0000,0.0000,0.0000,,
201,Los Vilos sector C,29-09-18,29,9,2018,Intermareal,Lessonia spicata,Barreteada,0.4130,NaN,6.8000,12.0000,21.0000,43.0000,0.0000,0.0000,,
202,Los Vilos sector C,29-09-18,29,9,2018,Intermareal,Lessonia spicata,Barreteada,0.0110,NaN,2.4000,2.6000,10.0000,30.0000,0.0000,0.0000,,
203,Los Vilos sector C,29-09-18,29,9,2018,Intermareal,Lessonia spicata,Barreteada,0.0200,NaN,3.0000,4.0000,14.0000,42.0000,0.0000,0.0000,,
204,Los Vilos sector C,29-09-18,29,9,2018,Intermareal,Lessonia spicata,Barreteada,0.0040,NaN,2.0000,2.6000,11.0000,26.0000,0.0000,0.0000,,
205,Carrizal Bajo,30-10-18,30,10,2018,Submareal,Lessonia trabeculata,Barreteada,5.0900,NaN,32.0000,45.0000,7.0000,212.0000,1.0000,0.0000,,
206,Carrizal Bajo,30-10-18,30,10,2018,Submareal,Lessonia trabeculata,Barreteada,2.0450,NaN,23.0000,31.0000,2.0000,158.0000,1.0000,1.0000,,
207,Carrizal Bajo,30-10-18,30,10,2018,Submareal,Lessonia trabeculata,Barreteada,5.1000,NaN,17.0000,40.0000,2.0000,193.0000,1.0000,1.0000,,
208,Carrizal Bajo,30-10-18,30,10,2018,Submareal,Lessonia trabeculata,Barreteada,12.2000,NaN,37.0000,46.0000,7.0000,278.0000,1.0000,1.0000,,
209,Carrizal Bajo,30-10-18,30,10,2018,Submareal,Lessonia trabeculata,Barreteada,1.7800,NaN,16.0000,23.0000,2.0000,180.0000,1.0000,0.0000,,
210,Carrizal Bajo,30-10-18,30,10,2018,Submareal,Lessonia trabeculata,Barreteada,4.3000,NaN,25.0000,37.0000,3.0000,190.0000,1.0000,0.0000,,
211,Carrizal Bajo,30-10-18,30,10,2018,Submareal,Lessonia trabeculata,Barreteada,0.6800,NaN,16.0000,18.0000,1.0000,119.0000,1.0000,0.0000,,
212,Carrizal Bajo,30-10-18,30,10,2018,Submareal,Lessonia trabeculata,Barreteada,3.4200,NaN,17.0000,26.0000,2.0000,186.0000,1.0000,0.0000,,
213,Carrizal Bajo,30-10-18,30,10,2018,Submareal,Lessonia trabeculata,Barreteada,7.1700,NaN,26.0000,35.0000,6.0000,209.0000,1.0000,0.0000,,
214,Carrizal Bajo,30-10-18,30,10,2018,Submareal,Lessonia trabeculata,Barreteada,0.8350,NaN,7.0000,12.0000,2.0000,165.0000,0.0000,0.0000,,
215,Carrizal Bajo,30-10-18,30,10,2018,Submareal,Lessonia trabeculata,Barreteada,1.2900,NaN,17.0000,19.0000,1.0000,159.0000,1.0000,0.0000,,
216,Carrizal Bajo,30-10-18,30,10,2018,Submareal,Lessonia trabeculata,Barreteada,0.5550,NaN,9.0000,12.0000,4.0000,169.0000,0.0000,0.0000,,
217,Carrizal Bajo,30-10-18,30,10,2018,Submareal,Lessonia trabeculata,Barreteada,0.9350,NaN,12.0000,16.0000,13.0000,125.0000,0.0000,0.0000,,
218,Carrizal Bajo,30-10-18,30,10,2018,Submareal,Lessonia trabeculata,Barreteada,4.4500,NaN,23.0000,29.0000,3.0000,157.0000,1.0000,0.0000,,
219,Carrizal Bajo,30-10-18,30,10,2018,Submareal,Lessonia trabeculata,Barreteada,6.0400,NaN,27.0000,33.0000,4.0000,198.0000,1.0000,0.0000,,
220,Carrizal Bajo,30-10-18,30,10,2018,Submareal,Lessonia trabeculata,Barreteada,5.0250,NaN,24.0000,33.0000,3.0000,241.0000,1.0000,0.0000,,
221,Carrizal Bajo,30-10-18,30,10,2018,Submareal,Lessonia trabeculata,Barreteada,4.2100,NaN,18.0000,19.0000,1.0000,184.0000,0.0000,0.0000,,
222,Carrizal Bajo,30-10-18,30,10,2018,Submareal,Lessonia trabeculata,Barreteada,3.0950,NaN,20.0000,25.0000,2.0000,153.0000,1.0000,0.0000,,
223,Carrizal Bajo,30-10-18,30,10,2018,Submareal,Lessonia trabeculata,Barreteada,1.9600,NaN,20.0000,25.0000,5.0000,157.0000,1.0000,0.0000,,
224,Carrizal Bajo,30-10-18,30,10,2018,Submareal,Lessonia trabeculata,Barreteada,1.3000,NaN,19.0000,20.0000,1.0000,131.0000,1.0000,0.0000,,
225,Carrizal Bajo,30-10-18,30,10,2018,Submareal,Lessonia trabeculata,Barreteada,0.4400,NaN,11.0000,14.0000,2.0000,100.0000,0.0000,0.0000,,
226,Carrizal Bajo,30-10-18,30,10,2018,Submareal,Lessonia trabeculata,Barreteada,0.4100,NaN,14.0000,18.0000,10.0000,119.0000,0.0000,0.0000,,
227,Carrizal Bajo,30-10-18,30,10,2018,Submareal,Lessonia trabeculata,Barreteada,0.2600,NaN,7.0000,10.0000,5.0000,125.0000,0.0000,0.0000,,
228,Carrizal Bajo,30-10-18,30,10,2018,Submareal,Lessonia trabeculata,Barreteada,0.5350,NaN,11.0000,12.0000,4.0000,95.0000,0.0000,0.0000,,
229,Carrizal Bajo,30-10-18,30,10,2018,Submareal,Lessonia trabeculata,Barreteada,0.3200,NaN,5.4000,8.0000,5.0000,97.4000,0.0000,0.0000,,
230,Carrizal Bajo,30-10-18,30,10,2018,Submareal,Lessonia trabeculata,Barreteada,0.1500,NaN,6.0000,8.0000,7.0000,80.2000,0.0000,0.0000,,
231,Carrizal Bajo,30-10-18,30,10,2018,Submareal,Lessonia trabeculata,Barreteada,0.1100,NaN,5.0000,7.0000,4.0000,68.0000,0.0000,0.0000,,
232,Carrizal Bajo,30-10-18,30,10,2018,Submareal,Lessonia trabeculata,Barreteada,0.0550,NaN,3.8000,5.0000,3.0000,70.2000,0.0000,0.0000,,
233,Carrizal Bajo,30-10-18,30,10,2018,Submareal,Lessonia trabeculata,Barreteada,0.0250,NaN,2.2000,2.6000,1.0000,52.0000,0.0000,0.0000,,
234,Carrizal Bajo,30-10-18,30,10,2018,Submareal,Lessonia trabeculata,Barreteada,0.0400,NaN,3.2000,3.8000,2.0000,59.0000,0.0000,0.0000,,
235,Carrizal Bajo,30-10-18,30,10,2018,Submareal,Lessonia trabeculata,Barreteada,0.0200,NaN,1.8000,2.4000,1.0000,34.4000,0.0000,0.0000,,
236,Cha–aral de aceituno sector C,26-10-18,26,10,2018,Intermareal,Lessonia berteroana,Barreteada,0.1250,NaN,17.0000,10.0000,4.0000,70.0000,0.0000,0.0000,,
237,Cha–aral de aceituno sector C,26-10-18,26,10,2018,Intermareal,Lessonia berteroana,Barreteada,0.0340,NaN,3.0000,3.0000,1.0000,55.0000,0.0000,0.0000,,
238,Cha–aral de aceituno sector C,26-10-18,26,10,2018,Intermareal,Lessonia berteroana,Barreteada,0.2530,NaN,11.0000,12.0000,1.0000,130.0000,0.0000,0.0000,,
239,Cha–aral de aceituno sector C,26-10-18,26,10,2018,Intermareal,Lessonia berteroana,Barreteada,0.3430,NaN,5.0000,7.0000,2.0000,207.0000,0.0000,0.0000,,
240,Cha–aral de aceituno sector C,26-10-18,26,10,2018,Intermareal,Lessonia berteroana,Barreteada,0.1060,NaN,4.5000,6.0000,3.0000,72.0000,0.0000,0.0000,,
241,Cha–aral de aceituno sector C,26-10-18,26,10,2018,Intermareal,Lessonia berteroana,Barreteada,0.1160,NaN,6.0000,6.2000,2.0000,74.0000,0.0000,0.0000,,
242,Cha–aral de aceituno sector C,26-10-18,26,10,2018,Intermareal,Lessonia berteroana,Barreteada,0.1390,NaN,4.0000,7.0000,5.0000,60.0000,1.0000,0.0000,,
243,Cha–aral de aceituno sector C,26-10-18,26,10,2018,Intermareal,Lessonia berteroana,Barreteada,0.0040,NaN,1.0000,1.0000,4.0000,12.0000,0.0000,0.0000,,
244,Cha–aral de aceituno sector C,26-10-18,26,10,2018,Intermareal,Lessonia berteroana,Barreteada,0.0070,NaN,1.3000,3.0000,21.0000,15.0000,0.0000,0.0000,,
245,Cha–aral de aceituno sector C,26-10-18,26,10,2018,Intermareal,Lessonia berteroana,Barreteada,0.0300,NaN,3.2000,6.0000,13.0000,26.0000,0.0000,0.0000,,
246,Cha–aral de aceituno sector C,26-10-18,26,10,2018,Intermareal,Lessonia berteroana,Barreteada,0.1800,NaN,5.0000,8.0000,27.0000,66.0000,0.0000,0.0000,,
247,Cha–aral de aceituno sector C,26-10-18,26,10,2018,Intermareal,Lessonia berteroana,Barreteada,1.2000,NaN,8.0000,17.0000,18.0000,228.0000,0.0000,0.0000,,
248,Cha–aral de aceituno sector C,26-10-18,26,10,2018,Intermareal,Lessonia berteroana,Barreteada,0.7800,NaN,12.0000,18.0000,2.0000,80.0000,0.0000,0.0000,,
249,Cha–aral de aceituno sector C,26-10-18,26,10,2018,Intermareal,Lessonia berteroana,Barreteada,0.1600,NaN,8.0000,12.0000,7.0000,70.0000,0.0000,0.0000,,
250,Cha–aral de aceituno sector C,26-10-18,26,10,2018,Intermareal,Lessonia berteroana,Barreteada,15.7000,NaN,26.0000,41.0000,35.0000,300.0000,0.0000,0.0000,,
251,Cha–aral de aceituno sector C,26-10-18,26,10,2018,Intermareal,Lessonia berteroana,Barreteada,0.8600,NaN,9.0000,12.0000,23.0000,134.0000,0.0000,0.0000,,
252,Cha–aral de aceituno sector C,26-10-18,26,10,2018,Intermareal,Lessonia berteroana,Barreteada,1.4600,NaN,11.0000,19.0000,1.0000,260.0000,0.0000,0.0000,,
253,Cha–aral de aceituno sector C,26-10-18,26,10,2018,Intermareal,Lessonia berteroana,Barreteada,1.4000,NaN,10.0000,17.0000,25.0000,160.0000,0.0000,0.0000,,
254,Cha–aral de aceituno sector C,26-10-18,26,10,2018,Intermareal,Lessonia berteroana,Barreteada,4.3000,NaN,18.0000,27.0000,5.0000,228.0000,1.0000,0.0000,,
255,Cha–aral de aceituno sector C,26-10-18,26,10,2018,Intermareal,Lessonia berteroana,Barreteada,2.5200,NaN,14.0000,17.0000,2.0000,193.0000,0.0000,0.0000,,
256,Cha–aral de aceituno sector C,26-10-18,26,10,2018,Intermareal,Lessonia berteroana,Barreteada,4.9800,NaN,20.0000,30.0000,24.0000,291.0000,0.0000,0.0000,,
257,Cha–aral de aceituno sector C,26-10-18,26,10,2018,Intermareal,Lessonia berteroana,Barreteada,1.5600,NaN,11.0000,16.0000,4.0000,139.0000,0.0000,0.0000,,
258,Cha–aral de aceituno sector C,26-10-18,26,10,2018,Intermareal,Lessonia berteroana,Barreteada,4.5400,NaN,14.0000,24.0000,19.0000,283.0000,0.0000,0.0000,,
259,Carrizal bajo,29-10-18,29,10,2018,Intermareal,Lessonia berteroana,Barreteada,11.2200,NaN,35.0000,23.0000,18.0000,254.0000,0.0000,0.0000,,
260,Carrizal bajo,29-10-18,29,10,2018,Intermareal,Lessonia berteroana,Barreteada,1.8600,NaN,33.0000,15.0000,9.0000,177.0000,0.0000,0.0000,,
261,Carrizal bajo,29-10-18,29,10,2018,Intermareal,Lessonia berteroana,Barreteada,0.3600,NaN,12.0000,7.0000,12.0000,67.0000,0.0000,0.0000,,
262,Carrizal bajo,29-10-18,29,10,2018,Intermareal,Lessonia berteroana,Barreteada,0.3200,NaN,16.0000,11.0000,7.0000,73.0000,0.0000,0.0000,,
263,Carrizal bajo,29-10-18,29,10,2018,Intermareal,Lessonia berteroana,Barreteada,2.2600,NaN,24.0000,14.0000,9.0000,230.0000,0.0000,0.0000,,
264,Carrizal bajo,29-10-18,29,10,2018,Intermareal,Lessonia berteroana,Barreteada,5.2400,NaN,25.0000,161.0000,31.0000,194.0000,0.0000,0.0000,,
265,Carrizal bajo,29-10-18,29,10,2018,Intermareal,Lessonia berteroana,Barreteada,7.6800,NaN,17.0000,10.0000,21.0000,162.0000,0.0000,0.0000,,
266,Carrizal bajo,29-10-18,29,10,2018,Intermareal,Lessonia berteroana,Barreteada,3.9800,NaN,34.0000,23.0000,45.0000,179.0000,0.0000,0.0000,,
267,Carrizal bajo,29-10-18,29,10,2018,Intermareal,Lessonia berteroana,Barreteada,4.4800,NaN,15.0000,27.0000,14.0000,135.0000,0.0000,0.0000,,
268,Carrizal bajo,29-10-18,29,10,2018,Intermareal,Lessonia berteroana,Barreteada,7.8000,NaN,32.0000,20.0000,13.0000,377.0000,0.0000,0.0000,,
269,Punta el Yeso,04-12-18,4,12,2018,Intermareal,Lessonia berteroana,Barreteada,1.3600,,14.0000,17.0000,36.0000,110.0000,1.0000,-,,
270,Punta el Yeso,04-12-18,4,12,2018,Intermareal,Lessonia berteroana,Barreteada,6.7600,,13.0000,20.0000,79.0000,286.0000,0.0000,-,,
271,Punta el Yeso,04-12-18,4,12,2018,Intermareal,Lessonia berteroana,Barreteada,2.4200,,12.2000,18.0000,33.0000,187.0000,1.0000,-,,
272,Punta el Yeso,04-12-18,4,12,2018,Intermareal,Lessonia berteroana,Barreteada,2.6200,,15.0000,25.0000,5.0000,177.0000,1.0000,-,,
273,Punta el Yeso,04-12-18,4,12,2018,Intermareal,Lessonia berteroana,Barreteada,0.0210,,2.4000,3.6000,4.0000,39.0000,0.0000,-,,
274,Punta el Yeso,04-12-18,4,12,2018,Intermareal,Lessonia berteroana,Barreteada,3.0800,,12.2000,25.0000,2.0000,224.0000,1.0000,-,,
275,Punta el Yeso,04-12-18,4,12,2018,Intermareal,Lessonia berteroana,Barreteada,6.0800,,18.0000,26.0000,8.0000,227.0000,1.0000,-,,
276,Punta el Yeso,04-12-18,4,12,2018,Intermareal,Lessonia berteroana,Barreteada,0.0140,,2.0000,3.0000,11.0000,22.0000,0.0000,-,,
277,Punta el Yeso,04-12-18,4,12,2018,Intermareal,Lessonia berteroana,Barreteada,0.0580,,4.4000,5.4000,16.0000,35.0000,0.0000,-,,
278,Punta el Yeso,04-12-18,4,12,2018,Intermareal,Lessonia berteroana,Barreteada,0.4000,,5.6000,10.0000,31.0000,102.0000,0.0000,-,,
279,Punta el Yeso,04-12-18,4,12,2018,Intermareal,Lessonia berteroana,Barreteada,0.7800,,9.0000,16.0000,26.0000,109.0000,0.0000,-,,
280,Punta el Yeso,04-12-18,4,12,2018,Intermareal,Lessonia berteroana,Barreteada,0.2000,,5.0000,6.0000,31.0000,48.0000,0.0000,-,,
281,Punta el Yeso,04-12-18,4,12,2018,Intermareal,Lessonia berteroana,Barreteada,0.1600,,4.4000,5.0000,15.0000,59.0000,0.0000,-,,
282,Punta el Yeso,04-12-18,4,12,2018,Intermareal,Lessonia berteroana,Barreteada,0.0160,,2.6000,3.4000,32.0000,16.2000,0.0000,-,,
283,Punta el Yeso,04-12-18,4,12,2018,Intermareal,Lessonia berteroana,Barreteada,2.4400,,14.0000,19.0000,25.0000,188.0000,1.0000,-,,
284,Punta el Yeso,04-12-18,4,12,2018,Intermareal,Lessonia berteroana,Barreteada,1.0000,,6.6000,15.2000,22.0000,113.0000,0.0000,-,,
285,Punta el Yeso,04-12-18,4,12,2018,Intermareal,Lessonia berteroana,Barreteada,5.3400,,14.0000,40.0000,63.0000,175.0000,0.0000,-,,
286,Punta el Yeso,04-12-18,4,12,2018,Intermareal,Lessonia berteroana,Barreteada,0.4400,,7.4000,15.4000,19.0000,136.0000,0.0000,-,,
287,Punta el Yeso,04-12-18,4,12,2018,Intermareal,Lessonia berteroana,Barreteada,1.4400,,9.2000,22.0000,30.0000,200.0000,0.0000,-,,
288,Punta el Yeso,04-12-18,4,12,2018,Intermareal,Lessonia berteroana,Barreteada,1.1000,,11.0000,19.0000,7.0000,154.0000,1.0000,-,,
289,Punta el Yeso,04-12-18,4,12,2018,Intermareal,Lessonia berteroana,Barreteada,4.5460,,15.4000,29.0000,48.0000,195.0000,1.0000,-,,
290,Punta el Yeso,04-12-18,4,12,2018,Intermareal,Lessonia berteroana,Barreteada,2.1600,,12.4000,30.0000,11.0000,130.0000,1.0000,-,,
291,Punta el Yeso,04-12-18,4,12,2018,Intermareal,Lessonia berteroana,Barreteada,0.5090,,6.0000,10.0000,52.0000,98.0000,0.0000,-,,
292,Punta el Yeso,04-12-18,4,12,2018,Intermareal,Lessonia berteroana,Barreteada,0.0040,,2.0000,2.0000,15.0000,9.0000,0.0000,-,,
293,Punta el Yeso,04-12-18,4,12,2018,Intermareal,Lessonia berteroana,Barreteada,0.0010,,0.6000,0.8000,9.0000,7.3000,0.0000,-,,
294,Punta el Yeso,04-12-18,4,12,2018,Intermareal,Lessonia berteroana,Barreteada,0.0090,,2.0000,3.0000,13.0000,22.0000,0.0000,-,,
295,Punta el Yeso,04-12-18,4,12,2018,Intermareal,Lessonia berteroana,Barreteada,0.0710,,5.0000,9.0000,14.0000,53.0000,0.0000,-,,
296,Punta el Yeso,04-12-18,4,12,2018,Intermareal,Lessonia berteroana,Barreteada,0.0690,,6.0000,10.0000,12.0000,60.0000,0.0000,-,,
297,Punta el Yeso,04-12-18,4,12,2018,Intermareal,Lessonia berteroana,Barreteada,3.8300,,21.0000,29.0000,13.0000,197.0000,1.0000,-,,
298,Punta el Yeso,06-12-18,6,12,2018,Submareal,Lessonia trabeculata,Barreteada,0.2600,,5.6000,8.0000,1.0000,111.0000,1.0000,-,,
299,Punta el Yeso,06-12-18,6,12,2018,Submareal,Lessonia trabeculata,Barreteada,0.2200,,12.0000,17.0000,1.0000,100.0000,1.0000,-,,
300,Punta el Yeso,06-12-18,6,12,2018,Submareal,Lessonia trabeculata,Barreteada,0.2000,,8.0000,12.0000,2.0000,141.0000,0.0000,-,,
301,Punta el Yeso,06-12-18,6,12,2018,Submareal,Lessonia trabeculata,Barreteada,0.5400,,8.4000,10.4000,3.0000,89.0000,1.0000,-,,
302,Punta el Yeso,06-12-18,6,12,2018,Submareal,Lessonia trabeculata,Barreteada,0.9400,,12.0000,14.6000,1.0000,136.0000,0.0000,-,,
303,Punta el Yeso,06-12-18,6,12,2018,Submareal,Lessonia trabeculata,Barreteada,0.2200,,9.0000,12.0000,2.0000,114.0000,0.0000,-,,
304,Punta el Yeso,06-12-18,6,12,2018,Submareal,Lessonia trabeculata,Barreteada,0.2000,,6.0000,6.8000,2.0000,119.0000,0.0000,-,,
305,Punta el Yeso,06-12-18,6,12,2018,Submareal,Lessonia trabeculata,Barreteada,1.3000,,14.0000,16.0000,2.0000,89.0000,1.0000,-,,
306,Punta el Yeso,06-12-18,6,12,2018,Submareal,Lessonia trabeculata,Barreteada,0.3000,,5.0000,10.0000,1.0000,94.0000,0.0000,-,,
307,Punta el Yeso,06-12-18,6,12,2018,Submareal,Lessonia trabeculata,Barreteada,0.8800,,12.0000,18.0000,4.0000,141.0000,1.0000,-,,
308,Punta el Yeso,06-12-18,6,12,2018,Submareal,Lessonia trabeculata,Barreteada,2.7600,,30.4000,43.0000,3.0000,164.0000,1.0000,-,,
309,Punta el Yeso,06-12-18,6,12,2018,Submareal,Lessonia trabeculata,Barreteada,7.3600,,26.0000,44.0000,6.0000,221.0000,1.0000,-,,
310,Punta el Yeso,06-12-18,6,12,2018,Submareal,Lessonia trabeculata,Barreteada,3.3300,,23.0000,29.0000,3.0000,182.0000,1.0000,-,,
311,Punta el Yeso,06-12-18,6,12,2018,Submareal,Lessonia trabeculata,Barreteada,0.0330,,5.0000,5.0000,4.0000,47.0000,0.0000,-,,
312,Punta el Yeso,06-12-18,6,12,2018,Submareal,Lessonia trabeculata,Barreteada,0.0070,,2.0000,2.0000,2.0000,24.0000,0.0000,-,,
313,Punta el Yeso,06-12-18,6,12,2018,Submareal,Lessonia trabeculata,Barreteada,0.0080,,1.6000,2.0000,2.0000,16.0000,0.0000,-,,
314,Punta el Yeso,05-12-18,5,12,2018,Submareal,Lessonia trabeculata,Barreteada,0.8400,,13.6000,17.0000,1.0000,100.0000,0.0000,-,,
315,Punta el Yeso,05-12-18,5,12,2018,Submareal,Lessonia trabeculata,Barreteada,1.2600,,20.0000,21.0000,1.0000,103.0000,1.0000,-,,
316,Punta el Yeso,05-12-18,5,12,2018,Submareal,Lessonia trabeculata,Barreteada,1.0000,,13.0000,18.0000,1.0000,128.0000,1.0000,-,,
317,Punta el Yeso,05-12-18,5,12,2018,Submareal,Lessonia trabeculata,Barreteada,2.0600,,13.0000,16.0000,3.0000,138.0000,1.0000,-,,
318,Punta el Yeso,05-12-18,5,12,2018,Submareal,Lessonia trabeculata,Barreteada,2.2800,,17.0000,21.0000,2.0000,119.0000,1.0000,-,,
319,Punta el Yeso,05-12-18,5,12,2018,Submareal,Lessonia trabeculata,Barreteada,6.5000,,36.0000,37.0000,5.0000,182.0000,1.0000,-,,
320,Punta el Yeso,05-12-18,5,12,2018,Submareal,Lessonia trabeculata,Barreteada,3.4600,,22.0000,28.0000,6.0000,166.0000,0.0000,-,,